{
  "episode_rewards": [
    -2.0000000000000013,
    -2.0000000000000013,
    8.000000000000039,
    8.000000000000043,
    -20.599999999999998,
    -2.0000000000000013,
    -2.0000000000000013,
    -2.0000000000000013,
    -2.0000000000000013,
    -2.0000000000000013
  ],
  "episode_lengths": [
    100,
    100,
    100,
    100,
    100,
    100,
    100,
    100,
    100,
    100
  ],
  "agent_rewards": {
    "0": [
      -1.0000000000000007,
      -1.0000000000000007,
      -1.0000000000000007,
      -1.0000000000000007,
      -10.299999999999999,
      -1.0000000000000007,
      -1.0000000000000007,
      -1.0000000000000007,
      -1.0000000000000007,
      -1.0000000000000007
    ],
    "1": [
      -1.0000000000000007,
      -1.0000000000000007,
      9.00000000000002,
      9.000000000000021,
      -10.299999999999999,
      -1.0000000000000007,
      -1.0000000000000007,
      -1.0000000000000007,
      -1.0000000000000007,
      -1.0000000000000007
    ]
  },
  "avg_reward": -1.8599999999999923,
  "std_reward": 7.387584178877432,
  "avg_length": 100.0,
  "std_length": 0.0,
  "success_rate": 0.0,
  "timestamp": "2025-11-09T13:02:30.429700",
  "pytorch_version": "2.9.0"
}